fixture_id,match_date,team,player,player_key,squad_position,expected_lineup_position,expected_lineup_formation,lineup_confidence,is_expected_starter,availability_status,availability_weight,expected_starter_availability_weight,is_unavailable,is_doubtful,has_injury_report,injury_status_raw,injury_reason,report_date,expected_return_date,club,caps,goals,age,birth_date,official_squad_source,expected_lineup_source,injury_source,in_official_squad,player_match_key
760486,2026-06-28,Canada,Alistair Johnston,alistair johnston,DF,RB,,1.0,True,available,1.0,1.0,False,False,False,,,,,Celtic,58,1,27.0,1998-10-08,official_wikipedia_squads,espn_official_lineups,,True,760486|Canada|alistair johnston
760486,2026-06-28,Canada,Derek Cornelius,derek cornelius,DF,CD-L,,1.0,True,available,1.0,1.0,False,False,False,,,,,Rangers,44,1,28.0,1997-11-25,official_wikipedia_squads,espn_official_lineups,,True,760486|Canada|derek cornelius
760486,2026-06-28,Canada,Jonathan David,jonathan david,FW,CF-R,,1.0,True,available,1.0,1.0,False,False,False,,,,,Juventus,77,39,26.0,2000-01-14,official_wikipedia_squads,espn_official_lineups,,True,760486|Canada|jonathan david
760486,2026-06-28,Canada,Liam Millar,liam millar,MF,LM,,1.0,True,available,1.0,1.0,False,False,False,,,,,Hull City,41,1,26.0,1999-09-27,official_wikipedia_squads,espn_official_lineups,,True,760486|Canada|liam millar
760486,2026-06-28,Canada,Maxime Crépeau,maxime crepeau,GK,GK,,1.0,True,available,1.0,1.0,False,False,False,,,,,Orlando City SC,32,0,32.0,1994-05-11,official_wikipedia_squads,espn_official_lineups,,True,760486|Canada|maxime crepeau
760486,2026-06-28,Canada,Moïse Bombito,moise bombito,DF,CD-R,,1.0,True,available,1.0,1.0,False,False,False,,,,,Nice,20,0,26.0,2000-03-30,official_wikipedia_squads,espn_official_lineups,,True,760486|Canada|moise bombito
760486,2026-06-28,Canada,Nathan Saliba,nathan saliba,MF,CM-R,,1.0,True,available,1.0,1.0,False,False,False,,,,,Anderlecht,15,2,22.0,2004-02-07,official_wikipedia_squads,espn_official_lineups,,True,760486|Canada|nathan saliba
760486,2026-06-28,Canada,Richie Laryea,richie laryea,DF,LB,,1.0,True,available,1.0,1.0,False,False,False,,,,,Toronto FC,75,1,31.0,1995-01-07,official_wikipedia_squads,espn_official_lineups,,True,760486|Canada|richie laryea
760486,2026-06-28,Canada,Stephen Eustáquio,stephen eustaquio,MF,CM-L,,1.0,True,available,1.0,1.0,False,False,False,,,,,Los Angeles FC,56,4,29.0,1996-12-21,official_wikipedia_squads,espn_official_lineups,,True,760486|Canada|stephen eustaquio
760486,2026-06-28,Canada,Tajon Buchanan,tajon buchanan,FW,RM,,1.0,True,available,1.0,1.0,False,False,False,,,,,Villarreal,60,8,27.0,1999-02-08,official_wikipedia_squads,espn_official_lineups,,True,760486|Canada|tajon buchanan
760486,2026-06-28,Canada,Tani Oluwaseyi,tani oluwaseyi,FW,CF-L,,1.0,True,available,1.0,1.0,False,False,False,,,,,Villarreal,24,2,26.0,2000-05-15,official_wikipedia_squads,espn_official_lineups,,True,760486|Canada|tani oluwaseyi
760486,2026-06-28,Canada,Alfie Jones,alfie jones,DF,SUB,,1.0,False,available,1.0,0.0,False,False,False,,,,,Middlesbrough,2,0,28.0,1997-10-07,official_wikipedia_squads,espn_official_lineups,,True,760486|Canada|alfie jones
760486,2026-06-28,Canada,Ali Ahmed,ali ahmed,FW,SUB,,1.0,False,available,1.0,0.0,False,False,False,,,,,Norwich City,24,1,25.0,2000-10-10,official_wikipedia_squads,espn_official_lineups,,True,760486|Canada|ali ahmed
760486,2026-06-28,Canada,Alphonso Davies,alphonso davies,DF,SUB,,1.0,False,available,1.0,0.0,False,False,False,,,,,Bayern Munich,58,15,25.0,2000-11-02,official_wikipedia_squads,espn_official_lineups,,True,760486|Canada|alphonso davies
760486,2026-06-28,Canada,Cyle Larin,cyle larin,FW,SUB,,1.0,False,available,1.0,0.0,False,False,False,,,,,Southampton,90,30,31.0,1995-04-17,official_wikipedia_squads,espn_official_lineups,,True,760486|Canada|cyle larin
760486,2026-06-28,Canada,Dayne St. Clair,dayne st clair,GK,SUB,,1.0,False,available,1.0,0.0,False,False,False,,,,,Inter Miami CF,20,0,29.0,1997-05-09,official_wikipedia_squads,espn_official_lineups,,True,760486|Canada|dayne st clair
760486,2026-06-28,Canada,Ismaël Koné,ismael kone,MF,,,,False,available,1.0,0.0,False,False,False,,,,,Sassuolo,40,4,23.0,2002-06-16,official_wikipedia_squads,,,True,760486|Canada|ismael kone
760486,2026-06-28,Canada,Jacob Shaffelburg,jacob shaffelburg,MF,SUB,,1.0,False,available,1.0,0.0,False,False,False,,,,,Los Angeles FC,31,6,26.0,1999-11-26,official_wikipedia_squads,espn_official_lineups,,True,760486|Canada|jacob shaffelburg
760486,2026-06-28,Canada,Jayden Nelson,jayden nelson,FW,SUB,,1.0,False,available,1.0,0.0,False,False,False,,,,,Austin FC,14,3,23.0,2002-09-26,official_wikipedia_squads,espn_official_lineups,,True,760486|Canada|jayden nelson
760486,2026-06-28,Canada,Joel Waterman,joel waterman,DF,SUB,,1.0,False,available,1.0,0.0,False,False,False,,,,,Chicago Fire FC,17,0,30.0,1996-01-24,official_wikipedia_squads,espn_official_lineups,,True,760486|Canada|joel waterman
760486,2026-06-28,Canada,Jonathan Osorio,jonathan osorio,MF,SUB,,1.0,False,available,1.0,0.0,False,False,False,,,,,Toronto FC,90,10,33.0,1992-06-12,official_wikipedia_squads,espn_official_lineups,,True,760486|Canada|jonathan osorio
760486,2026-06-28,Canada,Luc de Fougerolles,luc de fougerolles,DF,SUB,,1.0,False,available,1.0,0.0,False,False,False,,,,,Dender EH,13,0,20.0,2005-10-12,official_wikipedia_squads,espn_official_lineups,,True,760486|Canada|luc de fougerolles
760486,2026-06-28,Canada,Mathieu Choinière,mathieu choiniere,MF,SUB,,1.0,False,available,1.0,0.0,False,False,False,,,,,Los Angeles FC,23,0,27.0,1999-02-07,official_wikipedia_squads,espn_official_lineups,,True,760486|Canada|mathieu choiniere
760486,2026-06-28,Canada,Niko Sigur,niko sigur,DF,SUB,,1.0,False,available,1.0,0.0,False,False,False,,,,,Hajduk Split,19,2,22.0,2003-09-09,official_wikipedia_squads,espn_official_lineups,,True,760486|Canada|niko sigur
760486,2026-06-28,Canada,Owen Goodman,owen goodman,GK,SUB,,1.0,False,available,1.0,0.0,False,False,False,,,,,Barnsley,0,0,22.0,2003-11-27,official_wikipedia_squads,espn_official_lineups,,True,760486|Canada|owen goodman
760486,2026-06-28,Canada,Promise David,promise david,FW,SUB,,1.0,False,available,1.0,0.0,False,False,False,,,,,Union Saint-Gilloise,10,3,24.0,2001-07-03,official_wikipedia_squads,espn_official_lineups,,True,760486|Canada|promise david
760486,2026-06-28,South Africa,Aubrey Modiba,aubrey modiba,DF,LB,,1.0,True,available,1.0,1.0,False,False,False,,,,,Mamelodi Sundowns,44,3,30.0,1995-07-22,official_wikipedia_squads,espn_official_lineups,,True,760486|South Africa|aubrey modiba
760486,2026-06-28,South Africa,Evidence Makgopa,evidence makgopa,FW,FW,,1.0,True,available,1.0,1.0,False,False,False,,,,,Orlando Pirates,26,6,26.0,2000-06-05,official_wikipedia_squads,espn_official_lineups,,True,760486|South Africa|evidence makgopa
760486,2026-06-28,South Africa,Ime Okon,ime okon,DF,CD-R,,1.0,True,available,1.0,1.0,False,False,False,,,,,Hannover 96,8,1,22.0,2004-02-20,official_wikipedia_squads,espn_official_lineups,,True,760486|South Africa|ime okon
760486,2026-06-28,South Africa,Khuliso Mudau,khuliso mudau,DF,RB,,1.0,True,available,1.0,1.0,False,False,False,,,,,Mamelodi Sundowns,32,1,31.0,1995-04-26,official_wikipedia_squads,espn_official_lineups,,True,760486|South Africa|khuliso mudau
760486,2026-06-28,South Africa,Mbekezeli Mbokazi,mbekezeli mbokazi,DF,CD-L,,1.0,True,available,1.0,1.0,False,False,False,,,,,Chicago Fire FC,10,1,20.0,2005-09-19,official_wikipedia_squads,espn_official_lineups,,True,760486|South Africa|mbekezeli mbokazi
760486,2026-06-28,South Africa,Oswin Appollis,oswin appollis,FW,AM-L,,1.0,True,available,1.0,1.0,False,False,False,,,,,Orlando Pirates,26,8,24.0,2001-08-25,official_wikipedia_squads,espn_official_lineups,,True,760486|South Africa|oswin appollis
760486,2026-06-28,South Africa,Relebohile Mofokeng,relebohile mofokeng,FW,AM,,1.0,True,available,1.0,1.0,False,False,False,,,,,Orlando Pirates,13,0,21.0,2004-10-23,official_wikipedia_squads,espn_official_lineups,,True,760486|South Africa|relebohile mofokeng
760486,2026-06-28,South Africa,Ronwen Williams,ronwen williams,GK,GK,,1.0,True,available,1.0,1.0,False,False,False,,,,,Mamelodi Sundowns,62,0,34.0,1992-01-21,official_wikipedia_squads,espn_official_lineups,,True,760486|South Africa|ronwen williams
760486,2026-06-28,South Africa,Sphephelo Sithole,sphephelo sithole,MF,LM,,1.0,True,available,1.0,1.0,False,False,False,,,,,Tondela,28,1,27.0,1999-03-03,official_wikipedia_squads,espn_official_lineups,,True,760486|South Africa|sphephelo sithole
760486,2026-06-28,South Africa,Teboho Mokoena,teboho mokoena,MF,RM,,1.0,True,available,1.0,1.0,False,False,False,,,,,Mamelodi Sundowns,51,9,29.0,1997-01-24,official_wikipedia_squads,espn_official_lineups,,True,760486|South Africa|teboho mokoena
760486,2026-06-28,South Africa,Thapelo Maseko,thapelo maseko,FW,AM-R,,1.0,True,available,1.0,1.0,False,False,False,,,,,AEL Limassol,10,1,22.0,2003-11-11,official_wikipedia_squads,espn_official_lineups,,True,760486|South Africa|thapelo maseko
760486,2026-06-28,South Africa,Bradley Cross,bradley cross,DF,SUB,,1.0,False,available,1.0,0.0,False,False,False,,,,,Kaizer Chiefs,1,0,25.0,2001-01-30,official_wikipedia_squads,espn_official_lineups,,True,760486|South Africa|bradley cross
760486,2026-06-28,South Africa,Iqraam Rayners,iqraam rayners,FW,SUB,,1.0,False,available,1.0,0.0,False,False,False,,,,,Mamelodi Sundowns,14,4,30.0,1995-12-19,official_wikipedia_squads,espn_official_lineups,,True,760486|South Africa|iqraam rayners
760486,2026-06-28,South Africa,Jayden Adams,jayden adams,MF,SUB,,1.0,False,available,1.0,0.0,False,False,False,,,,,Mamelodi Sundowns,5,0,25.0,2001-05-05,official_wikipedia_squads,espn_official_lineups,,True,760486|South Africa|jayden adams
760486,2026-06-28,South Africa,Kamogelo Sebelebele,kamogelo sebelebele,FW,SUB,,1.0,False,available,1.0,0.0,False,False,False,,,,,Orlando Pirates,3,0,23.0,2002-07-21,official_wikipedia_squads,espn_official_lineups,,True,760486|South Africa|kamogelo sebelebele
760486,2026-06-28,South Africa,Khulumani Ndamane,khulumani ndamane,DF,SUB,,1.0,False,available,1.0,0.0,False,False,False,,,,,Mamelodi Sundowns,5,0,22.0,2004-02-05,official_wikipedia_squads,espn_official_lineups,,True,760486|South Africa|khulumani ndamane
760486,2026-06-28,South Africa,Lyle Foster,lyle foster,FW,SUB,,1.0,False,available,1.0,0.0,False,False,False,,,,,Burnley,27,10,25.0,2000-09-03,official_wikipedia_squads,espn_official_lineups,,True,760486|South Africa|lyle foster
760486,2026-06-28,South Africa,Nkosinathi Sibisi,nkosinathi sibisi,DF,SUB,,1.0,False,available,1.0,0.0,False,False,False,,,,,Orlando Pirates,20,0,30.0,1995-09-22,official_wikipedia_squads,espn_official_lineups,,True,760486|South Africa|nkosinathi sibisi
760486,2026-06-28,South Africa,Olwethu Makhanya,olwethu makhanya,DF,SUB,,1.0,False,available,1.0,0.0,False,False,False,,,,,Philadelphia Union,1,0,22.0,2004-04-30,official_wikipedia_squads,espn_official_lineups,,True,760486|South Africa|olwethu makhanya
760486,2026-06-28,South Africa,Ricardo Goss,ricardo goss,GK,SUB,,1.0,False,available,1.0,0.0,False,False,False,,,,,Siwelele,5,0,32.0,1994-04-02,official_wikipedia_squads,espn_official_lineups,,True,760486|South Africa|ricardo goss
760486,2026-06-28,South Africa,Samukele Kabini,samukele kabini,DF,SUB,,1.0,False,available,1.0,0.0,False,False,False,,,,,Molde,6,0,22.0,2004-03-15,official_wikipedia_squads,espn_official_lineups,,True,760486|South Africa|samukele kabini
760486,2026-06-28,South Africa,Sipho Chaine,sipho chaine,GK,SUB,,1.0,False,available,1.0,0.0,False,False,False,,,,,Orlando Pirates,4,0,29.0,1996-12-14,official_wikipedia_squads,espn_official_lineups,,True,760486|South Africa|sipho chaine
760486,2026-06-28,South Africa,Thabang Matuludi,thabang matuludi,DF,SUB,,1.0,False,available,1.0,0.0,False,False,False,,,,,Polokwane City,3,0,27.0,1999-01-14,official_wikipedia_squads,espn_official_lineups,,True,760486|South Africa|thabang matuludi
760486,2026-06-28,South Africa,Thalente Mbatha,thalente mbatha,MF,SUB,,1.0,False,available,1.0,0.0,False,False,False,,,,,Orlando Pirates,15,3,26.0,2000-03-06,official_wikipedia_squads,espn_official_lineups,,True,760486|South Africa|thalente mbatha
760486,2026-06-28,South Africa,Themba Zwane,themba zwane,MF,,,,False,available,1.0,0.0,False,False,False,,,,,Mamelodi Sundowns,54,12,36.0,1989-08-03,official_wikipedia_squads,,,True,760486|South Africa|themba zwane
760486,2026-06-28,South Africa,Tshepang Moremi,tshepang moremi,FW,SUB,,1.0,False,available,1.0,0.0,False,False,False,,,,,Orlando Pirates,10,1,25.0,2000-10-02,official_wikipedia_squads,espn_official_lineups,,True,760486|South Africa|tshepang moremi
760487,2026-06-29,Brazil,Bruno Guimarães,bruno guimaraes,MF,RM,,1.0,True,available,1.0,1.0,False,False,False,,,,,Newcastle United,43,3,28.0,1997-11-16,official_wikipedia_squads,espn_official_lineups,,True,760487|Brazil|bruno guimaraes
760487,2026-06-29,Brazil,Casemiro,casemiro,MF,CM,,1.0,True,available,1.0,1.0,False,False,False,,,,,Manchester United,86,9,34.0,1992-02-23,official_wikipedia_squads,espn_official_lineups,,True,760487|Brazil|casemiro
760487,2026-06-29,Brazil,Douglas Santos,douglas santos,DF,LB,,1.0,True,available,1.0,1.0,False,False,False,,,,,Zenit Saint Petersburg,7,0,32.0,1994-03-22,official_wikipedia_squads,espn_official_lineups,,True,760487|Brazil|douglas santos
760487,2026-06-29,Brazil,Gabriel Magalhães,gabriel magalhaes,DF,CD-L,,1.0,True,available,1.0,1.0,False,False,False,,,,,Arsenal,17,1,28.0,1997-12-19,official_wikipedia_squads,espn_official_lineups,,True,760487|Brazil|gabriel magalhaes
760487,2026-06-29,Brazil,Lucas Paquetá,lucas paqueta,MF,LM,,1.0,True,available,1.0,1.0,False,False,False,,,,,Flamengo,63,13,28.0,1997-08-27,official_wikipedia_squads,espn_official_lineups,,True,760487|Brazil|lucas paqueta
760487,2026-06-29,Brazil,Marquinhos,marquinhos,DF,CD-R,,1.0,True,available,1.0,1.0,False,False,False,,,,,Paris Saint-Germain,105,7,32.0,1994-05-14,official_wikipedia_squads,espn_official_lineups,,True,760487|Brazil|marquinhos
760487,2026-06-29,Brazil,Matheus Cunha,matheus cunha,FW,FW,,1.0,True,available,1.0,1.0,False,False,False,,,,,Manchester United,23,1,27.0,1999-05-27,official_wikipedia_squads,espn_official_lineups,,True,760487|Brazil|matheus cunha
760487,2026-06-29,Brazil,Rayan,rayan,FW,RF,,1.0,True,available,1.0,1.0,False,False,False,,,,,Bournemouth,2,1,19.0,2006-08-03,official_wikipedia_squads,espn_official_lineups,,True,760487|Brazil|rayan
760487,2026-06-29,Brazil,Vinícius Júnior,vinicius junior,FW,LF,,1.0,True,available,1.0,1.0,False,False,False,,,,,Real Madrid,49,9,25.0,2000-07-12,official_wikipedia_squads,espn_official_lineups,,True,760487|Brazil|vinicius junior
760487,2026-06-29,Brazil,Alex Sandro,alex sandro,DF,SUB,,1.0,False,available,1.0,0.0,False,False,False,,,,,Flamengo,45,2,35.0,1991-01-26,official_wikipedia_squads,espn_official_lineups,,True,760487|Brazil|alex sandro
760487,2026-06-29,Brazil,Alisson,alisson,GK,,,,False,available,1.0,0.0,False,False,False,,,,,Liverpool,78,0,33.0,1992-10-02,official_wikipedia_squads,,,True,760487|Brazil|alisson
760487,2026-06-29,Brazil,Bremer,bremer,DF,SUB,,1.0,False,available,1.0,0.0,False,False,False,,,,,Juventus,8,1,29.0,1997-03-18,official_wikipedia_squads,espn_official_lineups,,True,760487|Brazil|bremer
760487,2026-06-29,Brazil,Danilo Luiz,danilo luiz,DF,,,,False,available,1.0,0.0,False,False,False,,,,,Flamengo,70,1,34.0,1991-07-15,official_wikipedia_squads,,,True,760487|Brazil|danilo luiz
760487,2026-06-29,Brazil,Danilo Santos,danilo santos,MF,SUB,,1.0,False,available,1.0,0.0,False,False,False,,,,,Botafogo,4,2,25.0,2001-04-29,official_wikipedia_squads,espn_official_lineups,,True,760487|Brazil|danilo santos
760487,2026-06-29,Brazil,Ederson Moraes,ederson moraes,GK,,,,False,available,1.0,0.0,False,False,False,,,,,Fenerbahçe,32,0,32.0,1993-08-17,official_wikipedia_squads,,,True,760487|Brazil|ederson moraes
760487,2026-06-29,Brazil,Endrick,endrick,FW,SUB,,1.0,False,available,1.0,0.0,False,False,False,,,,,Lyon,17,4,19.0,2006-07-21,official_wikipedia_squads,espn_official_lineups,,True,760487|Brazil|endrick
760487,2026-06-29,Brazil,Fabinho,fabinho,MF,SUB,,1.0,False,available,1.0,0.0,False,False,False,,,,,Al-Ittihad,33,0,32.0,1993-10-23,official_wikipedia_squads,espn_official_lineups,,True,760487|Brazil|fabinho
760487,2026-06-29,Brazil,Gabriel Martinelli,gabriel martinelli,FW,SUB,,1.0,False,available,1.0,0.0,False,False,False,,,,,Arsenal,23,4,24.0,2001-06-18,official_wikipedia_squads,espn_official_lineups,,True,760487|Brazil|gabriel martinelli
760487,2026-06-29,Brazil,Igor Thiago,igor thiago,FW,SUB,,1.0,False,available,1.0,0.0,False,False,False,,,,,Brentford,4,2,24.0,2001-06-26,official_wikipedia_squads,espn_official_lineups,,True,760487|Brazil|igor thiago
760487,2026-06-29,Brazil,Luiz Henrique,luiz henrique,FW,SUB,,1.0,False,available,1.0,0.0,False,False,False,,,,,Zenit Saint Petersburg,15,2,25.0,2001-01-02,official_wikipedia_squads,espn_official_lineups,,True,760487|Brazil|luiz henrique
760487,2026-06-29,Brazil,Léo Pereira,leo pereira,DF,SUB,,1.0,False,available,1.0,0.0,False,False,False,,,,,Flamengo,4,0,30.0,1996-01-31,official_wikipedia_squads,espn_official_lineups,,True,760487|Brazil|leo pereira
760487,2026-06-29,Brazil,Neymar,neymar,FW,SUB,,1.0,False,available,1.0,0.0,False,False,False,,,,,Santos,128,79,34.0,1992-02-05,official_wikipedia_squads,espn_official_lineups,,True,760487|Brazil|neymar
760487,2026-06-29,Brazil,Raphinha,raphinha,FW,,,,False,available,1.0,0.0,False,False,False,,,,,Barcelona,39,11,29.0,1996-12-14,official_wikipedia_squads,,,True,760487|Brazil|raphinha
760487,2026-06-29,Brazil,Roger Ibañez,roger ibanez,DF,SUB,,1.0,False,available,1.0,0.0,False,False,False,,,,,Al-Ahli,7,0,27.0,1998-11-23,official_wikipedia_squads,espn_official_lineups,,True,760487|Brazil|roger ibanez
760487,2026-06-29,Brazil,Weverton,weverton,GK,SUB,,1.0,False,available,1.0,0.0,False,False,False,,,,,Grêmio,11,0,38.0,1987-12-13,official_wikipedia_squads,espn_official_lineups,,True,760487|Brazil|weverton
760487,2026-06-29,Brazil,Éderson Silva,ederson silva,MF,,,,False,available,1.0,0.0,False,False,False,,,,,Atalanta,3,0,26.0,1999-07-07,official_wikipedia_squads,,,True,760487|Brazil|ederson silva
760487,2026-06-29,Japan,Ayase Ueda,ayase ueda,FW,FW,,1.0,True,available,1.0,1.0,False,False,False,,,,,Feyenoord,39,16,27.0,1998-08-28,official_wikipedia_squads,espn_official_lineups,,True,760487|Japan|ayase ueda
760487,2026-06-29,Japan,Daichi Kamada,daichi kamada,MF,CM-L,,1.0,True,available,1.0,1.0,False,False,False,,,,,Crystal Palace,49,12,29.0,1996-08-05,official_wikipedia_squads,espn_official_lineups,,True,760487|Japan|daichi kamada
760487,2026-06-29,Japan,Daizen Maeda,daizen maeda,MF,CF-L,,1.0,True,available,1.0,1.0,False,False,False,,,,,Celtic,27,4,28.0,1997-10-20,official_wikipedia_squads,espn_official_lineups,,True,760487|Japan|daizen maeda
760487,2026-06-29,Japan,Hiroki Itō,hiroki ito,DF,CD-L,,1.0,True,available,1.0,1.0,False,False,False,,,,,Bayern Munich,24,1,27.0,1999-05-12,official_wikipedia_squads,espn_official_lineups,,True,760487|Japan|hiroki ito
760487,2026-06-29,Japan,Junya Itō,junya ito,MF,CF-R,,1.0,True,available,1.0,1.0,False,False,False,,,,,Genk,69,15,33.0,1993-03-09,official_wikipedia_squads,espn_official_lineups,,True,760487|Japan|junya ito
760487,2026-06-29,Japan,Kaishū Sano,kaishu sano,MF,CM-R,,1.0,True,available,1.0,1.0,False,False,False,,,,,Mainz 05,13,0,25.0,2000-12-30,official_wikipedia_squads,espn_official_lineups,,True,760487|Japan|kaishu sano
760487,2026-06-29,Japan,Keito Nakamura,keito nakamura,MF,LM,,1.0,True,available,1.0,1.0,False,False,False,,,,,Reims,25,10,25.0,2000-07-28,official_wikipedia_squads,espn_official_lineups,,True,760487|Japan|keito nakamura
760487,2026-06-29,Japan,Ritsu Dōan,ritsu doan,MF,RM,,1.0,True,available,1.0,1.0,False,False,False,,,,,Eintracht Frankfurt,65,11,27.0,1998-06-16,official_wikipedia_squads,espn_official_lineups,,True,760487|Japan|ritsu doan
760487,2026-06-29,Japan,Shōgo Taniguchi,shogo taniguchi,DF,CD,,1.0,True,available,1.0,1.0,False,False,False,,,,,Sint-Truiden,38,1,34.0,1991-07-15,official_wikipedia_squads,espn_official_lineups,,True,760487|Japan|shogo taniguchi
760487,2026-06-29,Japan,Takehiro Tomiyasu,takehiro tomiyasu,DF,CD-R,,1.0,True,available,1.0,1.0,False,False,False,,,,,Ajax,43,1,27.0,1998-11-05,official_wikipedia_squads,espn_official_lineups,,True,760487|Japan|takehiro tomiyasu
760487,2026-06-29,Japan,Zion Suzuki,zion suzuki,GK,GK,,1.0,True,available,1.0,1.0,False,False,False,,,,,Parma,24,0,23.0,2002-08-21,official_wikipedia_squads,espn_official_lineups,,True,760487|Japan|zion suzuki
760487,2026-06-29,Japan,Ao Tanaka,ao tanaka,MF,SUB,,1.0,False,available,1.0,0.0,False,False,False,,,,,Leeds United,38,8,27.0,1998-09-10,official_wikipedia_squads,espn_official_lineups,,True,760487|Japan|ao tanaka
760487,2026-06-29,Japan,Ayumu Seko,ayumu seko,DF,SUB,,1.0,False,available,1.0,0.0,False,False,False,,,,,Le Havre,14,0,26.0,2000-06-07,official_wikipedia_squads,espn_official_lineups,,True,760487|Japan|ayumu seko
760487,2026-06-29,Japan,Junnosuke Suzuki,junnosuke suzuki,DF,SUB,,1.0,False,available,1.0,0.0,False,False,False,,,,,Copenhagen,6,0,22.0,2003-07-12,official_wikipedia_squads,espn_official_lineups,,True,760487|Japan|junnosuke suzuki
760487,2026-06-29,Japan,Keisuke Gotō,keisuke goto,FW,SUB,,1.0,False,available,1.0,0.0,False,False,False,,,,,Sint-Truiden,4,0,21.0,2005-06-03,official_wikipedia_squads,espn_official_lineups,,True,760487|Japan|keisuke goto
760487,2026-06-29,Japan,Keisuke Ōsako,keisuke osako,GK,SUB,,1.0,False,available,1.0,0.0,False,False,False,,,,,Sanfrecce Hiroshima,11,0,26.0,1999-07-28,official_wikipedia_squads,espn_official_lineups,,True,760487|Japan|keisuke osako
760487,2026-06-29,Japan,Kento Shiogai,kento shiogai,FW,SUB,,1.0,False,available,1.0,0.0,False,False,False,,,,,VfL Wolfsburg,2,0,21.0,2005-03-26,official_wikipedia_squads,espn_official_lineups,,True,760487|Japan|kento shiogai
760487,2026-06-29,Japan,Kō Itakura,ko itakura,DF,,,,False,available,1.0,0.0,False,False,False,,,,,Ajax,40,2,29.0,1997-01-27,official_wikipedia_squads,,,True,760487|Japan|ko itakura
760487,2026-06-29,Japan,Kōki Ogawa,koki ogawa,FW,SUB,,1.0,False,available,1.0,0.0,False,False,False,,,,,NEC,15,11,28.0,1997-08-08,official_wikipedia_squads,espn_official_lineups,,True,760487|Japan|koki ogawa
760487,2026-06-29,Japan,Shūto Machino,shuto machino,FW,SUB,,1.0,False,available,1.0,0.0,False,False,False,,,,,Borussia Mönchengladbach,14,5,26.0,1999-09-30,official_wikipedia_squads,espn_official_lineups,,True,760487|Japan|shuto machino
760487,2026-06-29,Japan,Takefusa Kubo,takefusa kubo,MF,SUB,,1.0,False,available,1.0,0.0,False,False,False,,,,,Real Sociedad,49,7,25.0,2001-06-04,official_wikipedia_squads,espn_official_lineups,,True,760487|Japan|takefusa kubo
760487,2026-06-29,Japan,Tomoki Hayakawa,tomoki hayakawa,GK,SUB,,1.0,False,available,1.0,0.0,False,False,False,,,,,Kashima Antlers,4,0,27.0,1999-03-03,official_wikipedia_squads,espn_official_lineups,,True,760487|Japan|tomoki hayakawa
760487,2026-06-29,Japan,Tsuyoshi Watanabe,tsuyoshi watanabe,DF,SUB,,1.0,False,available,1.0,0.0,False,False,False,,,,,Feyenoord,11,0,29.0,1997-02-05,official_wikipedia_squads,espn_official_lineups,,True,760487|Japan|tsuyoshi watanabe
760487,2026-06-29,Japan,Yuito Suzuki,yuito suzuki,MF,SUB,,1.0,False,available,1.0,0.0,False,False,False,,,,,SC Freiburg,6,0,24.0,2001-10-25,official_wikipedia_squads,espn_official_lineups,,True,760487|Japan|yuito suzuki
760487,2026-06-29,Japan,Yukinari Sugawara,yukinari sugawara,DF,SUB,,1.0,False,available,1.0,0.0,False,False,False,,,,,Werder Bremen,21,2,25.0,2000-06-28,official_wikipedia_squads,espn_official_lineups,,True,760487|Japan|yukinari sugawara
760487,2026-06-29,Japan,Yūto Nagatomo,yuto nagatomo,DF,SUB,,1.0,False,available,1.0,0.0,False,False,False,,,,,FC Tokyo,145,4,39.0,1986-09-12,official_wikipedia_squads,espn_official_lineups,,True,760487|Japan|yuto nagatomo
760489,2026-06-29,Germany,Aleksandar Pavlović,aleksandar pavlovic,MF,CM-L,,1.0,True,available,1.0,1.0,False,False,False,,,,,Bayern Munich,11,1,22.0,2004-05-03,official_wikipedia_squads,espn_official_lineups,,True,760489|Germany|aleksandar pavlovic
760489,2026-06-29,Germany,Antonio Rüdiger,antonio rudiger,DF,CD-L,,1.0,True,available,1.0,1.0,False,False,False,,,,,Real Madrid,82,3,33.0,1993-03-03,official_wikipedia_squads,espn_official_lineups,,True,760489|Germany|antonio rudiger
760489,2026-06-29,Germany,Deniz Undav,deniz undav,FW,CF-L,,1.0,True,available,1.0,1.0,False,False,False,,,,,VfB Stuttgart,9,6,29.0,1996-07-19,official_wikipedia_squads,espn_official_lineups,,True,760489|Germany|deniz undav
760489,2026-06-29,Germany,Felix Nmecha,felix nmecha,MF,CM-R,,1.0,True,available,1.0,1.0,False,False,False,,,,,Borussia Dortmund,8,1,25.0,2000-10-10,official_wikipedia_squads,espn_official_lineups,,True,760489|Germany|felix nmecha
760489,2026-06-29,Germany,Florian Wirtz,florian wirtz,MF,LM,,1.0,True,available,1.0,1.0,False,False,False,,,,,Liverpool,41,11,23.0,2003-05-03,official_wikipedia_squads,espn_official_lineups,,True,760489|Germany|florian wirtz
760489,2026-06-29,Germany,Jonathan Tah,jonathan tah,DF,CD-R,,1.0,True,available,1.0,1.0,False,False,False,,,,,Bayern Munich,47,1,30.0,1996-02-11,official_wikipedia_squads,espn_official_lineups,,True,760489|Germany|jonathan tah
760489,2026-06-29,Germany,Joshua Kimmich,joshua kimmich,DF,RB,,1.0,True,available,1.0,1.0,False,False,False,,,,,Bayern Munich,110,10,31.0,1995-02-08,official_wikipedia_squads,espn_official_lineups,,True,760489|Germany|joshua kimmich
760489,2026-06-29,Germany,Kai Havertz,kai havertz,FW,CF-R,,1.0,True,available,1.0,1.0,False,False,False,,,,,Arsenal,58,22,27.0,1999-06-11,official_wikipedia_squads,espn_official_lineups,,True,760489|Germany|kai havertz
760489,2026-06-29,Germany,Leroy Sané,leroy sane,MF,RM,,1.0,True,available,1.0,1.0,False,False,False,,,,,Galatasaray,76,17,30.0,1996-01-11,official_wikipedia_squads,espn_official_lineups,,True,760489|Germany|leroy sane
760489,2026-06-29,Germany,Manuel Neuer,manuel neuer,GK,GK,,1.0,True,available,1.0,1.0,False,False,False,,,,,Bayern Munich,124,0,40.0,1986-03-27,official_wikipedia_squads,espn_official_lineups,,True,760489|Germany|manuel neuer
760489,2026-06-29,Germany,Nathaniel Brown,nathaniel brown,DF,LB,,1.0,True,available,1.0,1.0,False,False,False,,,,,Eintracht Frankfurt,5,0,22.0,2003-06-16,official_wikipedia_squads,espn_official_lineups,,True,760489|Germany|nathaniel brown
760489,2026-06-29,Germany,Alexander Nübel,alexander nubel,GK,SUB,,1.0,False,available,1.0,0.0,False,False,False,,,,,VfB Stuttgart,3,0,29.0,1996-09-30,official_wikipedia_squads,espn_official_lineups,,True,760489|Germany|alexander nubel
760489,2026-06-29,Germany,Angelo Stiller,angelo stiller,MF,SUB,,1.0,False,available,1.0,0.0,False,False,False,,,,,VfB Stuttgart,8,0,25.0,2001-04-04,official_wikipedia_squads,espn_official_lineups,,True,760489|Germany|angelo stiller
760489,2026-06-29,Germany,Assan Ouédraogo,assan ouedraogo,MF,SUB,,1.0,False,available,1.0,0.0,False,False,False,,,,,RB Leipzig,1,1,20.0,2006-05-09,official_wikipedia_squads,espn_official_lineups,,True,760489|Germany|assan ouedraogo
760489,2026-06-29,Germany,David Raum,david raum,DF,SUB,,1.0,False,available,1.0,0.0,False,False,False,,,,,RB Leipzig,37,1,28.0,1998-04-22,official_wikipedia_squads,espn_official_lineups,,True,760489|Germany|david raum
760489,2026-06-29,Germany,Jamal Musiala,jamal musiala,MF,SUB,,1.0,False,available,1.0,0.0,False,False,False,,,,,Bayern Munich,42,9,23.0,2003-02-26,official_wikipedia_squads,espn_official_lineups,,True,760489|Germany|jamal musiala
760489,2026-06-29,Germany,Jamie Leweling,jamie leweling,MF,SUB,,1.0,False,available,1.0,0.0,False,False,False,,,,,VfB Stuttgart,5,1,25.0,2001-02-26,official_wikipedia_squads,espn_official_lineups,,True,760489|Germany|jamie leweling
760489,2026-06-29,Germany,Leon Goretzka,leon goretzka,MF,SUB,,1.0,False,available,1.0,0.0,False,False,False,,,,,Bayern Munich,70,15,31.0,1995-02-06,official_wikipedia_squads,espn_official_lineups,,True,760489|Germany|leon goretzka
760489,2026-06-29,Germany,Malick Thiaw,malick thiaw,DF,SUB,,1.0,False,available,1.0,0.0,False,False,False,,,,,Newcastle United,5,0,24.0,2001-08-08,official_wikipedia_squads,espn_official_lineups,,True,760489|Germany|malick thiaw
760489,2026-06-29,Germany,Maximilian Beier,maximilian beier,FW,SUB,,1.0,False,available,1.0,0.0,False,False,False,,,,,Borussia Dortmund,9,0,23.0,2002-10-17,official_wikipedia_squads,espn_official_lineups,,True,760489|Germany|maximilian beier
760489,2026-06-29,Germany,Nadiem Amiri,nadiem amiri,MF,SUB,,1.0,False,available,1.0,0.0,False,False,False,,,,,Mainz 05,11,1,29.0,1996-10-27,official_wikipedia_squads,espn_official_lineups,,True,760489|Germany|nadiem amiri
760489,2026-06-29,Germany,Nick Woltemade,nick woltemade,FW,SUB,,1.0,False,available,1.0,0.0,False,False,False,,,,,Newcastle United,11,4,24.0,2002-02-14,official_wikipedia_squads,espn_official_lineups,,True,760489|Germany|nick woltemade
760489,2026-06-29,Germany,Nico Schlotterbeck,nico schlotterbeck,DF,,,,False,available,1.0,0.0,False,False,False,,,,,Borussia Dortmund,27,0,26.0,1999-12-01,official_wikipedia_squads,,,True,760489|Germany|nico schlotterbeck
760489,2026-06-29,Germany,Oliver Baumann,oliver baumann,GK,SUB,,1.0,False,available,1.0,0.0,False,False,False,,,,,TSG Hoffenheim,13,0,36.0,1990-06-02,official_wikipedia_squads,espn_official_lineups,,True,760489|Germany|oliver baumann
760489,2026-06-29,Germany,Pascal Groß,pascal gro,MF,,,,False,available,1.0,0.0,False,False,False,,,,,Brighton & Hove Albion,18,1,34.0,1991-06-15,official_wikipedia_squads,,,True,760489|Germany|pascal gro
760489,2026-06-29,Germany,Waldemar Anton,waldemar anton,DF,SUB,,1.0,False,available,1.0,0.0,False,False,False,,,,,Borussia Dortmund,13,0,29.0,1996-07-20,official_wikipedia_squads,espn_official_lineups,,True,760489|Germany|waldemar anton
760489,2026-06-29,Paraguay,Andrés Cubas,andres cubas,MF,CM-L,,1.0,True,available,1.0,1.0,False,False,False,,,,,Vancouver Whitecaps FC,33,0,30.0,1996-05-11,official_wikipedia_squads,espn_official_lineups,,True,760489|Paraguay|andres cubas
760489,2026-06-29,Paraguay,Damián Bobadilla,damian bobadilla,MF,CM-R,,1.0,True,available,1.0,1.0,False,False,False,,,,,São Paulo,19,1,24.0,2001-07-11,official_wikipedia_squads,espn_official_lineups,,True,760489|Paraguay|damian bobadilla
760489,2026-06-29,Paraguay,Gabriel Ávalos,gabriel avalos,FW,CF-R,,1.0,True,available,1.0,1.0,False,False,False,,,,,Independiente,23,2,34.0,1991-07-09,official_wikipedia_squads,espn_official_lineups,,True,760489|Paraguay|gabriel avalos
760489,2026-06-29,Paraguay,Gustavo Gómez,gustavo gomez,DF,CD-R,,1.0,True,available,1.0,1.0,False,False,False,,,,,Palmeiras,89,4,33.0,1993-05-06,official_wikipedia_squads,espn_official_lineups,,True,760489|Paraguay|gustavo gomez
760489,2026-06-29,Paraguay,José Canale,jose canale,DF,CD-L,,1.0,True,available,1.0,1.0,False,False,False,,,,,Lanús,2,0,29.0,1996-07-20,official_wikipedia_squads,espn_official_lineups,,True,760489|Paraguay|jose canale
760489,2026-06-29,Paraguay,Juan José Cáceres,juan jose caceres,DF,RB,,1.0,True,available,1.0,1.0,False,False,False,,,,,Dynamo Moscow,17,0,26.0,2000-06-01,official_wikipedia_squads,espn_official_lineups,,True,760489|Paraguay|juan jose caceres
760489,2026-06-29,Paraguay,Julio Enciso,julio enciso,FW,CF-L,,1.0,True,available,1.0,1.0,False,False,False,,,,,Strasbourg,32,4,22.0,2004-01-23,official_wikipedia_squads,espn_official_lineups,,True,760489|Paraguay|julio enciso
760489,2026-06-29,Paraguay,Júnior Alonso,junior alonso,DF,LB,,1.0,True,available,1.0,1.0,False,False,False,,,,,Atlético Mineiro,71,3,33.0,1993-02-09,official_wikipedia_squads,espn_official_lineups,,True,760489|Paraguay|junior alonso
760489,2026-06-29,Paraguay,Matías Galarza,matias galarza,MF,LM,,1.0,True,available,1.0,1.0,False,False,False,,,,,Atlanta United FC,15,3,24.0,2002-02-11,official_wikipedia_squads,espn_official_lineups,,True,760489|Paraguay|matias galarza
760489,2026-06-29,Paraguay,Miguel Almirón,miguel almiron,MF,RM,,1.0,True,available,1.0,1.0,False,False,False,,,,,Atlanta United FC,76,10,32.0,1994-02-10,official_wikipedia_squads,espn_official_lineups,,True,760489|Paraguay|miguel almiron
760489,2026-06-29,Paraguay,Orlando Gill,orlando gill,GK,GK,,1.0,True,available,1.0,1.0,False,False,False,,,,,San Lorenzo,6,0,26.0,2000-06-11,official_wikipedia_squads,espn_official_lineups,,True,760489|Paraguay|orlando gill
760489,2026-06-29,Paraguay,Alexandro Maidana,alexandro maidana,DF,SUB,,1.0,False,available,1.0,0.0,False,False,False,,,,,Talleres,2,1,20.0,2005-07-26,official_wikipedia_squads,espn_official_lineups,,True,760489|Paraguay|alexandro maidana
760489,2026-06-29,Paraguay,Antonio Sanabria,antonio sanabria,FW,SUB,,1.0,False,available,1.0,0.0,False,False,False,,,,,Cremonese,48,7,30.0,1996-03-04,official_wikipedia_squads,espn_official_lineups,,True,760489|Paraguay|antonio sanabria
760489,2026-06-29,Paraguay,Braian Ojeda,braian ojeda,MF,SUB,,1.0,False,available,1.0,0.0,False,False,False,,,,,Orlando City SC,17,0,25.0,2000-06-27,official_wikipedia_squads,espn_official_lineups,,True,760489|Paraguay|braian ojeda
760489,2026-06-29,Paraguay,Diego Gómez,diego gomez,MF,,,,False,available,1.0,0.0,False,False,False,,,,,Brighton & Hove Albion,24,3,23.0,2003-03-27,official_wikipedia_squads,,,True,760489|Paraguay|diego gomez
760489,2026-06-29,Paraguay,Fabián Balbuena,fabian balbuena,DF,SUB,,1.0,False,available,1.0,0.0,False,False,False,,,,,Grêmio,48,2,34.0,1991-08-23,official_wikipedia_squads,espn_official_lineups,,True,760489|Paraguay|fabian balbuena
760489,2026-06-29,Paraguay,Gastón Olveira,gaston olveira,GK,SUB,,1.0,False,available,1.0,0.0,False,False,False,,,,,Olimpia,1,0,33.0,1993-04-21,official_wikipedia_squads,espn_official_lineups,,True,760489|Paraguay|gaston olveira
760489,2026-06-29,Paraguay,Gatito Fernández,gatito fernandez,GK,SUB,,1.0,False,available,1.0,0.0,False,False,False,,,,,Cerro Porteño,31,0,38.0,1988-03-29,official_wikipedia_squads,espn_official_lineups,,True,760489|Paraguay|gatito fernandez
760489,2026-06-29,Paraguay,Gustavo Caballero,gustavo caballero,MF,SUB,,1.0,False,available,1.0,0.0,False,False,False,,,,,Portsmouth,2,1,24.0,2001-09-21,official_wikipedia_squads,espn_official_lineups,,True,760489|Paraguay|gustavo caballero
760489,2026-06-29,Paraguay,Gustavo Velázquez,gustavo velazquez,DF,SUB,,1.0,False,available,1.0,0.0,False,False,False,,,,,Cerro Porteño,13,1,35.0,1991-04-17,official_wikipedia_squads,espn_official_lineups,,True,760489|Paraguay|gustavo velazquez
760489,2026-06-29,Paraguay,Isidro Pitta,isidro pitta,FW,SUB,,1.0,False,available,1.0,0.0,False,False,False,,,,,Red Bull Bragantino,5,0,26.0,1999-08-14,official_wikipedia_squads,espn_official_lineups,,True,760489|Paraguay|isidro pitta
760489,2026-06-29,Paraguay,Kaku,kaku,FW,,,,False,available,1.0,0.0,False,False,False,,,,,Al Ain,33,6,31.0,1995-01-11,official_wikipedia_squads,,,True,760489|Paraguay|kaku
760489,2026-06-29,Paraguay,Maurício,mauricio,MF,SUB,,1.0,False,available,1.0,0.0,False,False,False,,,,,Palmeiras,3,0,24.0,2001-06-22,official_wikipedia_squads,espn_official_lineups,,True,760489|Paraguay|mauricio
760489,2026-06-29,Paraguay,Omar Alderete,omar alderete,DF,SUB,,1.0,False,available,1.0,0.0,False,False,False,,,,,Sunderland,36,3,29.0,1996-12-26,official_wikipedia_squads,espn_official_lineups,,True,760489|Paraguay|omar alderete
760489,2026-06-29,Paraguay,Ramón Sosa,ramon sosa,MF,SUB,,1.0,False,available,1.0,0.0,False,False,False,,,,,Palmeiras,29,1,26.0,1999-08-31,official_wikipedia_squads,espn_official_lineups,,True,760489|Paraguay|ramon sosa
760489,2026-06-29,Paraguay,Álex Arce,alex arce,FW,SUB,,1.0,False,available,1.0,0.0,False,False,False,,,,,Independiente Rivadavia,15,1,30.0,1995-06-16,official_wikipedia_squads,espn_official_lineups,,True,760489|Paraguay|alex arce
760488,2026-06-30,Morocco,Achraf Hakimi,achraf hakimi,DF,RB,,1.0,True,available,1.0,1.0,False,False,False,,,,,Paris Saint-Germain,96,11,27.0,1998-11-04,official_wikipedia_squads,espn_official_lineups,,True,760488|Morocco|achraf hakimi
760488,2026-06-30,Morocco,Ayyoub Bouaddi,ayyoub bouaddi,MF,RM,,1.0,True,available,1.0,1.0,False,False,False,,,,,Lille,3,0,18.0,2007-10-02,official_wikipedia_squads,espn_official_lineups,,True,760488|Morocco|ayyoub bouaddi
760488,2026-06-30,Morocco,Azzedine Ounahi,azzedine ounahi,MF,AM,,1.0,True,available,1.0,1.0,False,False,False,,,,,Girona,49,9,26.0,2000-04-19,official_wikipedia_squads,espn_official_lineups,,True,760488|Morocco|azzedine ounahi
760488,2026-06-30,Morocco,Bilal El Khannouss,bilal el khannouss,MF,AM-L,,1.0,True,available,1.0,1.0,False,False,False,,,,,VfB Stuttgart,37,3,22.0,2004-05-10,official_wikipedia_squads,espn_official_lineups,,True,760488|Morocco|bilal el khannouss
760488,2026-06-30,Morocco,Brahim Díaz,brahim diaz,FW,AM-R,,1.0,True,available,1.0,1.0,False,False,False,,,,,Real Madrid,26,14,26.0,1999-08-03,official_wikipedia_squads,espn_official_lineups,,True,760488|Morocco|brahim diaz
760488,2026-06-30,Morocco,Chadi Riad,chadi riad,DF,CD-L,,1.0,True,available,1.0,1.0,False,False,False,,,,,Crystal Palace,6,1,22.0,2003-06-17,official_wikipedia_squads,espn_official_lineups,,True,760488|Morocco|chadi riad
760488,2026-06-30,Morocco,Ismael Saibari,ismael saibari,MF,FW,,1.0,True,available,1.0,1.0,False,False,False,,,,,PSV Eindhoven,30,9,25.0,2001-01-28,official_wikipedia_squads,espn_official_lineups,,True,760488|Morocco|ismael saibari
760488,2026-06-30,Morocco,Issa Diop,issa diop,DF,CD-R,,1.0,True,available,1.0,1.0,False,False,False,,,,,Fulham,4,0,29.0,1997-01-09,official_wikipedia_squads,espn_official_lineups,,True,760488|Morocco|issa diop
760488,2026-06-30,Morocco,Neil El Aynaoui,neil el aynaoui,MF,LM,,1.0,True,available,1.0,1.0,False,False,False,,,,,Roma,16,2,24.0,2001-07-02,official_wikipedia_squads,espn_official_lineups,,True,760488|Morocco|neil el aynaoui
760488,2026-06-30,Morocco,Noussair Mazraoui,noussair mazraoui,DF,LB,,1.0,True,available,1.0,1.0,False,False,False,,,,,Manchester United,45,2,28.0,1997-11-14,official_wikipedia_squads,espn_official_lineups,,True,760488|Morocco|noussair mazraoui
760488,2026-06-30,Morocco,Yassine Bounou,yassine bounou,GK,GK,,1.0,True,available,1.0,1.0,False,False,False,,,,,Al-Hilal,90,0,35.0,1991-04-05,official_wikipedia_squads,espn_official_lineups,,True,760488|Morocco|yassine bounou
760488,2026-06-30,Morocco,Ahmed Reda Tagnaouti,ahmed reda tagnaouti,GK,SUB,,1.0,False,available,1.0,0.0,False,False,False,,,,,AS FAR,3,0,30.0,1996-04-05,official_wikipedia_squads,espn_official_lineups,,True,760488|Morocco|ahmed reda tagnaouti
760488,2026-06-30,Morocco,Amine Sbaï,amine sbai,FW,SUB,,1.0,False,available,1.0,0.0,False,False,False,,,,,Angers,2,0,25.0,2000-11-05,official_wikipedia_squads,espn_official_lineups,,True,760488|Morocco|amine sbai
760488,2026-06-30,Morocco,Anass Salah-Eddine,anass salah eddine,DF,SUB,,1.0,False,available,1.0,0.0,False,False,False,,,,,PSV Eindhoven,9,0,24.0,2002-01-18,official_wikipedia_squads,espn_official_lineups,,True,760488|Morocco|anass salah eddine
760488,2026-06-30,Morocco,Ayoub El Kaabi,ayoub el kaabi,FW,SUB,,1.0,False,available,1.0,0.0,False,False,False,,,,,Olympiacos,71,35,32.0,1993-06-25,official_wikipedia_squads,espn_official_lineups,,True,760488|Morocco|ayoub el kaabi
760488,2026-06-30,Morocco,Ayoube Amaimouni,ayoube amaimouni,FW,SUB,,1.0,False,available,1.0,0.0,False,False,False,,,,,Eintracht Frankfurt,2,0,21.0,2004-11-30,official_wikipedia_squads,espn_official_lineups,,True,760488|Morocco|ayoube amaimouni
760488,2026-06-30,Morocco,Chemsdine Talbi,chemsdine talbi,MF,SUB,,1.0,False,available,1.0,0.0,False,False,False,,,,,Sunderland,5,0,21.0,2005-05-09,official_wikipedia_squads,espn_official_lineups,,True,760488|Morocco|chemsdine talbi
760488,2026-06-30,Morocco,Gessime Yassine,gessime yassine,MF,SUB,,1.0,False,available,1.0,0.0,False,False,False,,,,,Strasbourg,4,0,20.0,2005-11-22,official_wikipedia_squads,espn_official_lineups,,True,760488|Morocco|gessime yassine
760488,2026-06-30,Morocco,Marwane Saâdane,marwane saadane,DF,SUB,,1.0,False,available,1.0,0.0,False,False,False,,,,,Al-Fateh,8,0,34.0,1992-01-17,official_wikipedia_squads,espn_official_lineups,,True,760488|Morocco|marwane saadane
760488,2026-06-30,Morocco,Munir Mohamedi,munir mohamedi,GK,,,,False,available,1.0,0.0,False,False,False,,,,,RS Berkane,52,0,37.0,1989-05-10,official_wikipedia_squads,,,True,760488|Morocco|munir mohamedi
760488,2026-06-30,Morocco,Redouane Halhal,redouane halhal,DF,SUB,,1.0,False,available,1.0,0.0,False,False,False,,,,,Mechelen,3,0,23.0,2003-03-05,official_wikipedia_squads,espn_official_lineups,,True,760488|Morocco|redouane halhal
760488,2026-06-30,Morocco,Samir El Mourabet,samir el mourabet,MF,SUB,,1.0,False,available,1.0,0.0,False,False,False,,,,,Strasbourg,4,0,20.0,2005-10-06,official_wikipedia_squads,espn_official_lineups,,True,760488|Morocco|samir el mourabet
760488,2026-06-30,Morocco,Sofyan Amrabat,sofyan amrabat,MF,SUB,,1.0,False,available,1.0,0.0,False,False,False,,,,,Real Betis,75,0,29.0,1996-08-21,official_wikipedia_squads,espn_official_lineups,,True,760488|Morocco|sofyan amrabat
760488,2026-06-30,Morocco,Soufiane Rahimi,soufiane rahimi,FW,SUB,,1.0,False,available,1.0,0.0,False,False,False,,,,,Al Ain,37,12,30.0,1996-06-02,official_wikipedia_squads,espn_official_lineups,,True,760488|Morocco|soufiane rahimi
760488,2026-06-30,Morocco,Youssef Belammari,youssef belammari,DF,SUB,,1.0,False,available,1.0,0.0,False,False,False,,,,,Al Ahly,18,0,27.0,1998-09-20,official_wikipedia_squads,espn_official_lineups,,True,760488|Morocco|youssef belammari
760488,2026-06-30,Morocco,Zakaria El Ouahdi,zakaria el ouahdi,DF,SUB,,1.0,False,available,1.0,0.0,False,False,False,,,,,Genk,3,0,24.0,2001-12-31,official_wikipedia_squads,espn_official_lineups,,True,760488|Morocco|zakaria el ouahdi
760488,2026-06-30,Netherlands,Bart Verbruggen,bart verbruggen,GK,GK,,1.0,True,available,1.0,1.0,False,False,False,,,,,Brighton & Hove Albion,29,0,23.0,2002-08-18,official_wikipedia_squads,espn_official_lineups,,True,760488|Netherlands|bart verbruggen
760488,2026-06-30,Netherlands,Brian Brobbey,brian brobbey,FW,FW,,1.0,True,available,1.0,1.0,False,False,False,,,,,Sunderland,12,1,24.0,2002-02-01,official_wikipedia_squads,espn_official_lineups,,True,760488|Netherlands|brian brobbey
760488,2026-06-30,Netherlands,Cody Gakpo,cody gakpo,FW,CF-L,,1.0,True,available,1.0,1.0,False,False,False,,,,,Liverpool,50,21,27.0,1999-05-07,official_wikipedia_squads,espn_official_lineups,,True,760488|Netherlands|cody gakpo
760488,2026-06-30,Netherlands,Crysencio Summerville,crysencio summerville,FW,CF-R,,1.0,True,available,1.0,1.0,False,False,False,,,,,West Ham United,2,0,24.0,2001-10-30,official_wikipedia_squads,espn_official_lineups,,True,760488|Netherlands|crysencio summerville
760488,2026-06-30,Netherlands,Denzel Dumfries,denzel dumfries,DF,RM,,1.0,True,available,1.0,1.0,False,False,False,,,,,Inter Milan,72,11,30.0,1996-04-18,official_wikipedia_squads,espn_official_lineups,,True,760488|Netherlands|denzel dumfries
760488,2026-06-30,Netherlands,Frenkie de Jong,frenkie de jong,MF,CM-L,,1.0,True,available,1.0,1.0,False,False,False,,,,,Barcelona,66,2,29.0,1997-05-12,official_wikipedia_squads,espn_official_lineups,,True,760488|Netherlands|frenkie de jong
760488,2026-06-30,Netherlands,Jan Paul van Hecke,jan paul van hecke,DF,CD-R,,1.0,True,available,1.0,1.0,False,False,False,,,,,Brighton & Hove Albion,12,0,26.0,2000-06-08,official_wikipedia_squads,espn_official_lineups,,True,760488|Netherlands|jan paul van hecke
760488,2026-06-30,Netherlands,Micky van de Ven,micky van de ven,DF,LM,,1.0,True,available,1.0,1.0,False,False,False,,,,,Tottenham Hotspur,21,1,25.0,2001-04-19,official_wikipedia_squads,espn_official_lineups,,True,760488|Netherlands|micky van de ven
760488,2026-06-30,Netherlands,Nathan Aké,nathan ake,DF,CD-L,,1.0,True,available,1.0,1.0,False,False,False,,,,,Manchester City,59,5,31.0,1995-02-18,official_wikipedia_squads,espn_official_lineups,,True,760488|Netherlands|nathan ake
760488,2026-06-30,Netherlands,Ryan Gravenberch,ryan gravenberch,MF,CM-R,,1.0,True,available,1.0,1.0,False,False,False,,,,,Liverpool,27,1,24.0,2002-05-16,official_wikipedia_squads,espn_official_lineups,,True,760488|Netherlands|ryan gravenberch
760488,2026-06-30,Netherlands,Virgil van Dijk,virgil van dijk,DF,CD,,1.0,True,available,1.0,1.0,False,False,False,,,,,Liverpool,92,12,34.0,1991-07-08,official_wikipedia_squads,espn_official_lineups,,True,760488|Netherlands|virgil van dijk
760488,2026-06-30,Netherlands,Donyell Malen,donyell malen,FW,SUB,,1.0,False,available,1.0,0.0,False,False,False,,,,,Roma,53,13,27.0,1999-01-19,official_wikipedia_squads,espn_official_lineups,,True,760488|Netherlands|donyell malen
760488,2026-06-30,Netherlands,Guus Til,guus til,MF,SUB,,1.0,False,available,1.0,0.0,False,False,False,,,,,PSV Eindhoven,7,1,28.0,1997-12-22,official_wikipedia_squads,espn_official_lineups,,True,760488|Netherlands|guus til
760488,2026-06-30,Netherlands,Jorrel Hato,jorrel hato,DF,SUB,,1.0,False,available,1.0,0.0,False,False,False,,,,,Chelsea,8,0,20.0,2006-03-07,official_wikipedia_squads,espn_official_lineups,,True,760488|Netherlands|jorrel hato
760488,2026-06-30,Netherlands,Justin Kluivert,justin kluivert,MF,SUB,,1.0,False,available,1.0,0.0,False,False,False,,,,,Bournemouth,12,0,27.0,1999-05-05,official_wikipedia_squads,espn_official_lineups,,True,760488|Netherlands|justin kluivert
760488,2026-06-30,Netherlands,Lutsharel Geertruida,lutsharel geertruida,DF,SUB,,1.0,False,available,1.0,0.0,False,False,False,,,,,Sunderland,21,0,25.0,2000-07-18,official_wikipedia_squads,espn_official_lineups,,True,760488|Netherlands|lutsharel geertruida
760488,2026-06-30,Netherlands,Mark Flekken,mark flekken,GK,SUB,,1.0,False,available,1.0,0.0,False,False,False,,,,,Bayer Leverkusen,12,0,32.0,1993-06-13,official_wikipedia_squads,espn_official_lineups,,True,760488|Netherlands|mark flekken
760488,2026-06-30,Netherlands,Marten de Roon,marten de roon,MF,SUB,,1.0,False,available,1.0,0.0,False,False,False,,,,,Atalanta,43,1,35.0,1991-03-29,official_wikipedia_squads,espn_official_lineups,,True,760488|Netherlands|marten de roon
760488,2026-06-30,Netherlands,Mats Wieffer,mats wieffer,DF,SUB,,1.0,False,available,1.0,0.0,False,False,False,,,,,Brighton & Hove Albion,15,1,26.0,1999-11-16,official_wikipedia_squads,espn_official_lineups,,True,760488|Netherlands|mats wieffer
760488,2026-06-30,Netherlands,Memphis Depay,memphis depay,FW,SUB,,1.0,False,available,1.0,0.0,False,False,False,,,,,Corinthians,109,55,32.0,1994-02-13,official_wikipedia_squads,espn_official_lineups,,True,760488|Netherlands|memphis depay
760488,2026-06-30,Netherlands,Noa Lang,noa lang,FW,SUB,,1.0,False,available,1.0,0.0,False,False,False,,,,,Galatasaray,15,3,26.0,1999-06-17,official_wikipedia_squads,espn_official_lineups,,True,760488|Netherlands|noa lang
760488,2026-06-30,Netherlands,Quinten Timber,quinten timber,MF,SUB,,1.0,False,available,1.0,0.0,False,False,False,,,,,Marseille,11,1,24.0,2001-06-17,official_wikipedia_squads,espn_official_lineups,,True,760488|Netherlands|quinten timber
760488,2026-06-30,Netherlands,Robin Roefs,robin roefs,GK,SUB,,1.0,False,available,1.0,0.0,False,False,False,,,,,Sunderland,1,0,23.0,2003-01-17,official_wikipedia_squads,espn_official_lineups,,True,760488|Netherlands|robin roefs
760488,2026-06-30,Netherlands,Teun Koopmeiners,teun koopmeiners,MF,SUB,,1.0,False,available,1.0,0.0,False,False,False,,,,,Juventus,28,3,28.0,1998-02-28,official_wikipedia_squads,espn_official_lineups,,True,760488|Netherlands|teun koopmeiners
760488,2026-06-30,Netherlands,Tijjani Reijnders,tijjani reijnders,MF,SUB,,1.0,False,available,1.0,0.0,False,False,False,,,,,Manchester City,32,7,27.0,1998-07-29,official_wikipedia_squads,espn_official_lineups,,True,760488|Netherlands|tijjani reijnders
760488,2026-06-30,Netherlands,Wout Weghorst,wout weghorst,FW,SUB,,1.0,False,available,1.0,0.0,False,False,False,,,,,Ajax,52,14,33.0,1992-08-07,official_wikipedia_squads,espn_official_lineups,,True,760488|Netherlands|wout weghorst
760490,2026-06-30,Ivory Coast,Ange-Yoan Bonny,ange yoan bonny,FW,FW,,0.7,True,available,1.0,1.0,False,False,False,,,,,Inter Milan,1,0,22.0,2003-10-25,official_wikipedia_squads,espn_official_lineups,,True,760490|Ivory Coast|ange yoan bonny
760490,2026-06-30,Ivory Coast,Christ Inao Oulaï,christ inao oulai,MF,CM-L,,0.7,True,available,1.0,1.0,False,False,False,,,,,Trabzonspor,9,0,20.0,2006-04-06,official_wikipedia_squads,espn_official_lineups,,True,760490|Ivory Coast|christ inao oulai
760490,2026-06-30,Ivory Coast,Emmanuel Agbadou,emmanuel agbadou,DF,CD-L,,0.7,True,available,1.0,1.0,False,False,False,,,,,Beşiktaş,20,2,28.0,1997-06-17,official_wikipedia_squads,espn_official_lineups,,True,760490|Ivory Coast|emmanuel agbadou
760490,2026-06-30,Ivory Coast,Franck Kessié,franck kessie,MF,CM-R,,0.7,True,available,1.0,1.0,False,False,False,,,,,Al-Ahli,102,15,29.0,1996-12-19,official_wikipedia_squads,espn_official_lineups,,True,760490|Ivory Coast|franck kessie
760490,2026-06-30,Ivory Coast,Ghislain Konan,ghislain konan,DF,LB,,0.7,True,available,1.0,1.0,False,False,False,,,,,Gil Vicente,54,0,30.0,1995-12-27,official_wikipedia_squads,espn_official_lineups,,True,760490|Ivory Coast|ghislain konan
760490,2026-06-30,Ivory Coast,Guéla Doué,guela doue,DF,RB,,0.7,True,available,1.0,1.0,False,False,False,,,,,Strasbourg,20,3,23.0,2002-10-17,official_wikipedia_squads,espn_official_lineups,,True,760490|Ivory Coast|guela doue
760490,2026-06-30,Ivory Coast,Ibrahim Sangaré,ibrahim sangare,MF,DM,,0.7,True,available,1.0,1.0,False,False,False,,,,,Nottingham Forest,57,12,28.0,1997-12-02,official_wikipedia_squads,espn_official_lineups,,True,760490|Ivory Coast|ibrahim sangare
760490,2026-06-30,Ivory Coast,Nicolas Pépé,nicolas pepe,FW,RM,,0.7,True,available,1.0,1.0,False,False,False,,,,,Villarreal,56,12,31.0,1995-05-29,official_wikipedia_squads,espn_official_lineups,,True,760490|Ivory Coast|nicolas pepe
760490,2026-06-30,Ivory Coast,Odilon Kossounou,odilon kossounou,DF,CD-R,,0.7,True,available,1.0,1.0,False,False,False,,,,,Atalanta,36,0,25.0,2001-01-04,official_wikipedia_squads,espn_official_lineups,,True,760490|Ivory Coast|odilon kossounou
760490,2026-06-30,Ivory Coast,Yahia Fofana,yahia fofana,GK,GK,,0.7,True,available,1.0,1.0,False,False,False,,,,,Çaykur Rizespor,35,0,25.0,2000-08-21,official_wikipedia_squads,espn_official_lineups,,True,760490|Ivory Coast|yahia fofana
760490,2026-06-30,Ivory Coast,Yan Diomande,yan diomande,FW,LM,,0.7,True,available,1.0,1.0,False,False,False,,,,,RB Leipzig,10,3,19.0,2006-11-14,official_wikipedia_squads,espn_official_lineups,,True,760490|Ivory Coast|yan diomande
760490,2026-06-30,Ivory Coast,Alban Lafont,alban lafont,GK,SUB,,0.7,False,available,1.0,0.0,False,False,False,,,,,Panathinaikos,4,0,27.0,1999-01-23,official_wikipedia_squads,espn_official_lineups,,True,760490|Ivory Coast|alban lafont
760490,2026-06-30,Ivory Coast,Amad Diallo,amad diallo,FW,SUB,,0.7,False,available,1.0,0.0,False,False,False,,,,,Manchester United,19,6,23.0,2002-07-11,official_wikipedia_squads,espn_official_lineups,,True,760490|Ivory Coast|amad diallo
760490,2026-06-30,Ivory Coast,Bazoumana Touré,bazoumana toure,FW,SUB,,0.7,False,available,1.0,0.0,False,False,False,,,,,TSG Hoffenheim,6,2,20.0,2006-03-02,official_wikipedia_squads,espn_official_lineups,,True,760490|Ivory Coast|bazoumana toure
760490,2026-06-30,Ivory Coast,Christopher Opéri,christopher operi,DF,SUB,,0.7,False,available,1.0,0.0,False,False,False,,,,,İstanbul Başakşehir,12,0,29.0,1997-04-29,official_wikipedia_squads,espn_official_lineups,,True,760490|Ivory Coast|christopher operi
760490,2026-06-30,Ivory Coast,Elye Wahi,elye wahi,FW,SUB,,0.7,False,available,1.0,0.0,False,False,False,,,,,Nice,2,0,23.0,2003-01-02,official_wikipedia_squads,espn_official_lineups,,True,760490|Ivory Coast|elye wahi
760490,2026-06-30,Ivory Coast,Evan Ndicka,evan ndicka,DF,SUB,,0.7,False,available,1.0,0.0,False,False,False,,,,,Roma,28,0,26.0,1999-08-20,official_wikipedia_squads,espn_official_lineups,,True,760490|Ivory Coast|evan ndicka
760490,2026-06-30,Ivory Coast,Evann Guessand,evann guessand,FW,SUB,,0.7,False,available,1.0,0.0,False,False,False,,,,,Crystal Palace,21,4,24.0,2001-07-01,official_wikipedia_squads,espn_official_lineups,,True,760490|Ivory Coast|evann guessand
760490,2026-06-30,Ivory Coast,Jean Michaël Seri,jean michael seri,MF,SUB,,0.7,False,available,1.0,0.0,False,False,False,,,,,Maribor,65,4,34.0,1991-07-19,official_wikipedia_squads,espn_official_lineups,,True,760490|Ivory Coast|jean michael seri
760490,2026-06-30,Ivory Coast,Mohamed Koné,mohamed kone,GK,SUB,,0.7,False,available,1.0,0.0,False,False,False,,,,,Charleroi,0,0,24.0,2002-03-07,official_wikipedia_squads,espn_official_lineups,,True,760490|Ivory Coast|mohamed kone
760490,2026-06-30,Ivory Coast,Oumar Diakité,oumar diakite,FW,SUB,,0.7,False,available,1.0,0.0,False,False,False,,,,,Cercle Brugge,30,6,22.0,2003-12-20,official_wikipedia_squads,espn_official_lineups,,True,760490|Ivory Coast|oumar diakite
760490,2026-06-30,Ivory Coast,Ousmane Diomande,ousmane diomande,DF,SUB,,0.7,False,available,1.0,0.0,False,False,False,,,,,Sporting CP,15,1,22.0,2003-12-04,official_wikipedia_squads,espn_official_lineups,,True,760490|Ivory Coast|ousmane diomande
760490,2026-06-30,Ivory Coast,Parfait Guiagon,parfait guiagon,MF,SUB,,0.7,False,available,1.0,0.0,False,False,False,,,,,Charleroi,5,0,25.0,2001-02-22,official_wikipedia_squads,espn_official_lineups,,True,760490|Ivory Coast|parfait guiagon
760490,2026-06-30,Ivory Coast,Seko Fofana,seko fofana,MF,SUB,,0.7,False,available,1.0,0.0,False,False,False,,,,,Porto,33,7,31.0,1995-05-07,official_wikipedia_squads,espn_official_lineups,,True,760490|Ivory Coast|seko fofana
760490,2026-06-30,Ivory Coast,Simon Adingra,simon adingra,FW,SUB,,0.7,False,available,1.0,0.0,False,False,False,,,,,Monaco,29,5,24.0,2002-01-01,official_wikipedia_squads,espn_official_lineups,,True,760490|Ivory Coast|simon adingra
760490,2026-06-30,Ivory Coast,Wilfried Singo,wilfried singo,DF,SUB,,0.7,False,available,1.0,0.0,False,False,False,,,,,Galatasaray,34,1,25.0,2000-12-25,official_wikipedia_squads,espn_official_lineups,,True,760490|Ivory Coast|wilfried singo
760490,2026-06-30,Norway,Alexander Sørloth,alexander srloth,FW,RF,,0.7,True,available,1.0,1.0,False,False,False,,,,,Atlético Madrid,72,26,30.0,1995-12-05,official_wikipedia_squads,espn_official_lineups,,True,760490|Norway|alexander srloth
760490,2026-06-30,Norway,Antonio Nusa,antonio nusa,MF,LF,,0.7,True,available,1.0,1.0,False,False,False,,,,,RB Leipzig,24,8,21.0,2005-04-17,official_wikipedia_squads,espn_official_lineups,,True,760490|Norway|antonio nusa
760490,2026-06-30,Norway,David Møller Wolfe,david mller wolfe,DF,LB,,0.7,True,available,1.0,1.0,False,False,False,,,,,Wolverhampton Wanderers,22,1,24.0,2002-04-23,official_wikipedia_squads,espn_official_lineups,,True,760490|Norway|david mller wolfe
760490,2026-06-30,Norway,Erling Haaland,erling haaland,FW,FW,,0.7,True,available,1.0,1.0,False,False,False,,,,,Manchester City,50,55,25.0,2000-07-21,official_wikipedia_squads,espn_official_lineups,,True,760490|Norway|erling haaland
760490,2026-06-30,Norway,Kristoffer Ajer,kristoffer ajer,DF,CD-R,,0.7,True,available,1.0,1.0,False,False,False,,,,,Brentford,52,2,28.0,1998-04-17,official_wikipedia_squads,espn_official_lineups,,True,760490|Norway|kristoffer ajer
760490,2026-06-30,Norway,Marcus Holmgren Pedersen,marcus holmgren pedersen,DF,RB,,0.7,True,available,1.0,1.0,False,False,False,,,,,Torino,32,0,25.0,2000-07-16,official_wikipedia_squads,espn_official_lineups,,True,760490|Norway|marcus holmgren pedersen
760490,2026-06-30,Norway,Martin Ødegaard,martin degaard,MF,RM,,0.7,True,available,1.0,1.0,False,False,False,,,,,Arsenal,68,5,27.0,1998-12-17,official_wikipedia_squads,espn_official_lineups,,True,760490|Norway|martin degaard
760490,2026-06-30,Norway,Patrick Berg,patrick berg,MF,LM,,0.7,True,available,1.0,1.0,False,False,False,,,,,Bodø/Glimt,43,0,28.0,1997-11-24,official_wikipedia_squads,espn_official_lineups,,True,760490|Norway|patrick berg
760490,2026-06-30,Norway,Sander Berge,sander berge,MF,CM,,0.7,True,available,1.0,1.0,False,False,False,,,,,Fulham,66,1,28.0,1998-02-14,official_wikipedia_squads,espn_official_lineups,,True,760490|Norway|sander berge
760490,2026-06-30,Norway,Torbjørn Heggem,torbjrn heggem,DF,CD-L,,0.7,True,available,1.0,1.0,False,False,False,,,,,Bologna,15,0,27.0,1999-01-12,official_wikipedia_squads,espn_official_lineups,,True,760490|Norway|torbjrn heggem
760490,2026-06-30,Norway,Ørjan Nyland,rjan nyland,GK,GK,,0.7,True,available,1.0,1.0,False,False,False,,,,,Sevilla,71,0,35.0,1990-09-10,official_wikipedia_squads,espn_official_lineups,,True,760490|Norway|rjan nyland
760490,2026-06-30,Norway,Andreas Schjelderup,andreas schjelderup,MF,SUB,,0.7,False,available,1.0,0.0,False,False,False,,,,,Benfica,12,1,22.0,2004-06-01,official_wikipedia_squads,espn_official_lineups,,True,760490|Norway|andreas schjelderup
760490,2026-06-30,Norway,Egil Selvik,egil selvik,GK,SUB,,0.7,False,available,1.0,0.0,False,False,False,,,,,Watford,7,0,28.0,1997-07-30,official_wikipedia_squads,espn_official_lineups,,True,760490|Norway|egil selvik
760490,2026-06-30,Norway,Fredrik André Bjørkan,fredrik andre bjrkan,DF,SUB,,0.7,False,available,1.0,0.0,False,False,False,,,,,Bodø/Glimt,21,1,27.0,1998-08-21,official_wikipedia_squads,espn_official_lineups,,True,760490|Norway|fredrik andre bjrkan
760490,2026-06-30,Norway,Fredrik Aursnes,fredrik aursnes,MF,SUB,,0.7,False,available,1.0,0.0,False,False,False,,,,,Benfica,22,1,30.0,1995-12-10,official_wikipedia_squads,espn_official_lineups,,True,760490|Norway|fredrik aursnes
760490,2026-06-30,Norway,Henrik Falchener,henrik falchener,DF,SUB,,0.7,False,available,1.0,0.0,False,False,False,,,,,Viking,1,0,23.0,2003-05-08,official_wikipedia_squads,espn_official_lineups,,True,760490|Norway|henrik falchener
760490,2026-06-30,Norway,Jens Petter Hauge,jens petter hauge,MF,SUB,,0.7,False,available,1.0,0.0,False,False,False,,,,,Bodø/Glimt,15,1,26.0,1999-10-12,official_wikipedia_squads,espn_official_lineups,,True,760490|Norway|jens petter hauge
760490,2026-06-30,Norway,Julian Ryerson,julian ryerson,DF,SUB,,0.7,False,available,1.0,0.0,False,False,False,,,,,Borussia Dortmund,43,1,28.0,1997-11-17,official_wikipedia_squads,espn_official_lineups,,True,760490|Norway|julian ryerson
760490,2026-06-30,Norway,Jørgen Strand Larsen,jrgen strand larsen,FW,SUB,,0.7,False,available,1.0,0.0,False,False,False,,,,,Crystal Palace,28,6,26.0,2000-02-06,official_wikipedia_squads,espn_official_lineups,,True,760490|Norway|jrgen strand larsen
760490,2026-06-30,Norway,Kristian Thorstvedt,kristian thorstvedt,MF,SUB,,0.7,False,available,1.0,0.0,False,False,False,,,,,Sassuolo,37,4,27.0,1999-03-13,official_wikipedia_squads,espn_official_lineups,,True,760490|Norway|kristian thorstvedt
760490,2026-06-30,Norway,Leo Østigård,leo stigard,DF,SUB,,0.7,False,available,1.0,0.0,False,False,False,,,,,Genoa,38,1,26.0,1999-11-28,official_wikipedia_squads,espn_official_lineups,,True,760490|Norway|leo stigard
760490,2026-06-30,Norway,Morten Thorsby,morten thorsby,MF,SUB,,0.7,False,available,1.0,0.0,False,False,False,,,,,Cremonese,31,0,30.0,1996-05-05,official_wikipedia_squads,espn_official_lineups,,True,760490|Norway|morten thorsby
760490,2026-06-30,Norway,Oscar Bobb,oscar bobb,MF,SUB,,0.7,False,available,1.0,0.0,False,False,False,,,,,Fulham,20,2,22.0,2003-07-12,official_wikipedia_squads,espn_official_lineups,,True,760490|Norway|oscar bobb
760490,2026-06-30,Norway,Sander Tangvik,sander tangvik,GK,SUB,,0.7,False,available,1.0,0.0,False,False,False,,,,,Hamburger SV,0,0,23.0,2002-11-29,official_wikipedia_squads,espn_official_lineups,,True,760490|Norway|sander tangvik
760490,2026-06-30,Norway,Sondre Langås,sondre langas,DF,SUB,,0.7,False,available,1.0,0.0,False,False,False,,,,,Derby County,3,0,25.0,2001-02-02,official_wikipedia_squads,espn_official_lineups,,True,760490|Norway|sondre langas
760490,2026-06-30,Norway,Thelo Aasgaard,thelo aasgaard,MF,SUB,,0.7,False,available,1.0,0.0,False,False,False,,,,,Rangers,8,5,24.0,2002-05-02,official_wikipedia_squads,espn_official_lineups,,True,760490|Norway|thelo aasgaard
